Africa/Abidjan;5.31666;-4.03334
Africa/Accra;5.55;-0.21666999999999
Africa/Addis_Ababa;9.03333;38.7
Africa/Algiers;36.78333;3.05
Africa/Asmara;15.33333;38.88333
Africa/Bamako;12.65;-8
Africa/Bangui;4.36666;18.58333
Africa/Banjul;13.46666;-16.65
Africa/Bissau;11.85;-15.58334
Africa/Blantyre;-15.78334;35
Africa/Brazzaville;-4.26667;15.28333
Africa/Bujumbura;-3.38334;29.36666
Africa/Cairo;30.05;31.25
Africa/Casablanca;33.65;-7.58334
Africa/Ceuta;35.88333;-5.31667
Africa/Conakry;9.51666;-13.71667
Africa/Dakar;14.66666;-17.43334
Africa/Dar_es_Salaam;-6.8;39.28333
Africa/Djibouti;11.6;43.15
Africa/Douala;4.05;9.7
Africa/El_Aaiun;27.15;-13.2
Africa/Freetown;8.5;-13.25
Africa/Gaborone;-24.65001;25.91666
Africa/Harare;-17.83334;31.05
Africa/Johannesburg;-26.25;28
Africa/Juba;4.85;31.6
Africa/Kampala;0.31666;32.41666
Africa/Khartoum;15.6;32.53333
Africa/Kigali;-1.95;30.06666
Africa/Kinshasa;-4.3;15.3
Africa/Lagos;6.45;3.4
Africa/Libreville;0.38333;9.45
Africa/Lome;6.13333;1.21666
Africa/Luanda;-8.8;13.23333
Africa/Lubumbashi;-11.66667;27.46666
Africa/Lusaka;-15.41667;28.28333
Africa/Malabo;3.75;8.78333
Africa/Maputo;-25.96667;32.58333
Africa/Maseru;-29.46667;27.5
Africa/Mbabane;-26.3;31.1
Africa/Mogadishu;2.06666;45.36666
Africa/Monrovia;6.3;-10.78334
Africa/Nairobi;-1.28334;36.81666
Africa/Ndjamena;12.11666;15.05
Africa/Niamey;13.51666;2.11666
Africa/Nouakchott;18.1;-15.95
Africa/Ouagadougou;12.36666;-1.51667
Africa/Porto-Novo;6.48333;2.61666
Africa/Sao_Tome;0.33333;6.73333
Africa/Tripoli;32.9;13.18333
Africa/Tunis;36.8;10.18333
Africa/Windhoek;-22.56667;17.1
America/Adak;51.88;-176.65806
America/Anchorage;61.21805;-149.90028
America/Anguilla;18.2;-63.06667
America/Antigua;17.05;-61.8
America/Araguaina;-7.2;-48.2
America/Argentina/Buenos_Aires;-34.6;-58.45
America/Argentina/Catamarca;-28.46667;-65.78334
America/Argentina/Cordoba;-31.4;-64.18334
America/Argentina/Jujuy;-24.18334;-65.3
America/Argentina/La_Rioja;-29.43334;-66.85
America/Argentina/Mendoza;-32.88334;-68.81667
America/Argentina/Rio_Gallegos;-51.63334;-69.21667
America/Argentina/Salta;-24.78334;-65.41667
America/Argentina/San_Juan;-31.53334;-68.51667
America/Argentina/San_Luis;-33.31667;-66.35
America/Argentina/Tucuman;-26.81667;-65.21667
America/Argentina/Ushuaia;-54.8;-68.3
America/Aruba;12.5;-69.96667
America/Asuncion;-25.26667;-57.66667
America/Atikokan;48.75861;-91.62167
America/Bahia;-12.98334;-38.51667
America/Bahia_Banderas;20.8;-105.25
America/Barbados;13.1;-59.61667
America/Belem;-1.45;-48.48334
America/Belize;17.5;-88.2
America/Blanc-Sablon;51.41666;-57.11667
America/Boa_Vista;2.81666;-60.66667
America/Bogota;4.6;-74.08334
America/Boise;43.61361;-116.2025
America/Cambridge_Bay;69.11388;-105.05278
America/Campo_Grande;-20.45;-54.61667
America/Cancun;21.08333;-86.76667
America/Caracas;10.5;-66.93334
America/Cayenne;4.93333;-52.33334
America/Cayman;19.3;-81.38334
America/Chicago;41.85;-87.65
America/Chihuahua;28.63333;-106.08334
America/Costa_Rica;9.93333;-84.08334
America/Creston;49.1;-116.51667
America/Cuiaba;-15.58334;-56.08334
America/Curacao;12.18333;-69
America/Danmarkshavn;76.76666;-18.66667
America/Dawson;64.06666;-139.41667
America/Dawson_Creek;59.76666;-120.23334
America/Denver;39.73916;-104.98417
America/Detroit;42.33138;-83.04584
America/Dominica;15.3;-61.4
America/Edmonton;53.55;-113.46667
America/Eirunepe;-6.66667;-69.86667
America/El_Salvador;13.7;-89.2
America/Fortaleza;-3.71667;-38.5
America/Glace_Bay;46.19999;-59.95
America/Godthab;64.18333;-51.73334
America/Goose_Bay;53.33333;-60.41667
America/Grand_Turk;21.46666;-71.13334
America/Grenada;12.05;-61.75
America/Guadeloupe;16.23333;-61.53334
America/Guatemala;14.63333;-90.51667
America/Guayaquil;-2.16667;-79.83334
America/Guyana;6.8;-58.16667
America/Halifax;44.65;-63.6
America/Havana;23.13333;-82.36667
America/Hermosillo;29.06666;-110.96667
America/Indiana/Indianapolis;39.76833;-86.15806
America/Indiana/Knox;41.29583;-86.625
America/Indiana/Marengo;38.37555;-86.34473
America/Indiana/Petersburg;38.49194;-87.27862
America/Indiana/Tell_City;37.95305;-86.76139
America/Indiana/Vevay;38.74777;-85.06723
America/Indiana/Vincennes;38.67722;-87.52862
America/Indiana/Winamac;41.05138;-86.60306
America/Inuvik;68.34972;-133.71667
America/Iqaluit;63.73333;-68.46667
America/Jamaica;18;-76.8
America/Juneau;58.30194;-134.41973
America/Kentucky/Louisville;38.25416;-85.75945
America/Kentucky/Monticello;36.82972;-84.84917
America/Kralendijk;12.15083;-68.27667
America/La_Paz;-16.5;-68.15
America/Lima;-12.05;-77.05
America/Los_Angeles;34.05222;-118.24278
America/Lower_Princes;18.05138;-63.04723
America/Maceio;-9.66667;-35.71667
America/Managua;12.15;-86.28334
America/Manaus;-3.13334;-60.01667
America/Marigot;18.06666;-63.08334
America/Martinique;14.6;-61.08334
America/Matamoros;25.83333;-97.5
America/Mazatlan;23.21666;-106.41667
America/Menominee;45.10777;-87.61417
America/Merida;20.96666;-89.61667
America/Metlakatla;55.12694;-131.57639
America/Mexico_City;19.4;-99.15001
America/Miquelon;47.05;-56.33334
America/Moncton;46.1;-64.78334
America/Monterrey;25.66666;-100.31667
America/Montevideo;-34.88334;-56.18334
America/Montreal;45.51666;-73.56667
America/Montserrat;16.71666;-62.21667
America/Nassau;25.08333;-77.35
America/New_York;40.71416;-74.00639
America/Nipigon;49.01666;-88.26667
America/Nome;64.50111;-165.40639
America/Noronha;-3.85;-32.41667
America/North_Dakota/Beulah;47.26416;-101.77778
America/North_Dakota/Center;47.11638;-101.29917
America/North_Dakota/New_Salem;46.845;-101.41084
America/Ojinaga;29.56666;-104.41667
America/Panama;8.96666;-79.53334
America/Pangnirtung;66.13333;-65.73334
America/Paramaribo;5.83333;-55.16667
America/Phoenix;33.44833;-112.07334
America/Port-au-Prince;18.53333;-72.33334
America/Port_of_Spain;10.65;-61.51667
America/Porto_Velho;-8.76667;-63.9
America/Puerto_Rico;18.46833;-66.10612
America/Rainy_River;48.71666;-94.56667
America/Rankin_Inlet;62.81666;-92.08306
America/Recife;-8.05;-34.9
America/Regina;50.4;-104.65001
America/Resolute;74.69555;-94.82917
America/Rio_Branco;-9.96667;-67.8
America/Santa_Isabel;30.3;-114.86667
America/Santarem;-2.43334;-54.86667
America/Santiago;-33.45;-70.66667
America/Santo_Domingo;18.46666;-69.9
America/Sao_Paulo;-23.53334;-46.61667
America/Scoresbysund;70.48333;-21.96667
America/Shiprock;36.78555;-108.68639
America/Sitka;57.17638;-135.30195
America/St_Barthelemy;17.88333;-62.85
America/St_Johns;47.56666;-52.71667
America/St_Kitts;17.3;-62.71667
America/St_Lucia;14.01666;-61
America/St_Thomas;18.35;-64.93334
America/St_Vincent;13.15;-61.23334
America/Swift_Current;50.28333;-107.83334
America/Tegucigalpa;14.1;-87.21667
America/Thule;76.56666;-68.78334
America/Thunder_Bay;48.38333;-89.25
America/Tijuana;32.53333;-117.01667
America/Toronto;43.65;-79.38334
America/Tortola;18.45;-64.61667
America/Vancouver;49.26666;-123.11667
America/Whitehorse;60.71666;-135.05001
America/Winnipeg;49.88333;-97.15001
America/Yakutat;59.54694;-139.72723
America/Yellowknife;62.44999;-114.35
Antarctica/Casey;-66.28334;110.51666
Antarctica/Davis;-68.58334;77.96666
Antarctica/DumontDUrville;-66.66667;140.01666
Antarctica/Macquarie;-54.5;158.95
Antarctica/Mawson;-67.6;62.88333
Antarctica/McMurdo;-77.83334;166.6
Antarctica/Palmer;-64.8;-64.1
Antarctica/Rothera;-67.56667;-68.13334
Antarctica/South_Pole;-90;0
Antarctica/Syowa;-69.00612;39.59
Antarctica/Vostok;-78.40001;106.89999
Arctic/Longyearbyen;78;16
Asia/Aden;12.75;45.2
Asia/Almaty;43.25;76.95
Asia/Amman;31.95;35.93333
Asia/Anadyr;64.75;177.48333
Asia/Aqtau;44.51666;50.26666
Asia/Aqtobe;50.28333;57.16666
Asia/Ashgabat;37.95;58.38333
Asia/Baghdad;33.35;44.41666
Asia/Bahrain;26.38333;50.58333
Asia/Baku;40.38333;49.85
Asia/Bangkok;13.75;100.51666
Asia/Beirut;33.88333;35.5
Asia/Bishkek;42.9;74.6
Asia/Brunei;4.93333;114.91666
Asia/Choibalsan;48.06666;114.5
Asia/Chongqing;29.56666;106.58333
Asia/Colombo;6.93333;79.85
Asia/Damascus;33.5;36.3
Asia/Dhaka;23.71666;90.41666
Asia/Dili;-8.55;125.58333
Asia/Dubai;25.3;55.3
Asia/Dushanbe;38.58333;68.8
Asia/Gaza;31.5;34.46666
Asia/Harbin;45.75;126.68333
Asia/Hebron;31.53333;35.095
Asia/Ho_Chi_Minh;10.75;106.66666
Asia/Hong_Kong;22.28333;114.14999
Asia/Hovd;48.01666;91.64999
Asia/Irkutsk;52.26666;104.33333
Asia/Jakarta;-6.16667;106.8
Asia/Jayapura;-2.53334;140.7
Asia/Jerusalem;31.76666;35.23333
Asia/Kabul;34.51666;69.2
Asia/Kamchatka;53.01666;158.65
Asia/Karachi;24.86666;67.05
Asia/Kashgar;39.48333;75.98333
Asia/Kathmandu;27.71666;85.31666
Asia/Khandyga;62.65638;135.55388
Asia/Kolkata;22.53333;88.36666
Asia/Krasnoyarsk;56.01666;92.83333
Asia/Kuala_Lumpur;3.16666;101.7
Asia/Kuching;1.55;110.33333
Asia/Kuwait;29.33333;47.98333
Asia/Macau;22.23333;113.58333
Asia/Magadan;59.56666;150.8
Asia/Makassar;-5.11667;119.39999
Asia/Manila;14.58333;121
Asia/Muscat;23.6;58.58333
Asia/Nicosia;35.16666;33.36666
Asia/Novokuznetsk;53.75;87.11666
Asia/Novosibirsk;55.03333;82.91666
Asia/Omsk;55;73.4
Asia/Oral;51.21666;51.35
Asia/Phnom_Penh;11.55;104.91666
Asia/Pontianak;-0.033339999999995;109.33333
Asia/Pyongyang;39.01666;125.75
Asia/Qatar;25.28333;51.53333
Asia/Qyzylorda;44.8;65.46666
Asia/Rangoon;16.78333;96.16666
Asia/Riyadh;24.63333;46.71666
Asia/Sakhalin;46.96666;142.7
Asia/Samarkand;39.66666;66.8
Asia/Seoul;37.55;126.96666
Asia/Shanghai;31.23333;121.46666
Asia/Singapore;1.28333;103.85
Asia/Taipei;25.05;121.5
Asia/Tashkent;41.33333;69.3
Asia/Tbilisi;41.71666;44.81666
Asia/Tehran;35.66666;51.43333
Asia/Thimphu;27.46666;89.64999
Asia/Tokyo;35.65444;139.74472
Asia/Ulaanbaatar;47.91666;106.88333
Asia/Urumqi;43.8;87.58333
Asia/Ust-Nera;64.56027;143.22666
Asia/Vientiane;17.96666;102.6
Asia/Vladivostok;43.16666;131.93333
Asia/Yakutsk;62;129.66666
Asia/Yekaterinburg;56.85;60.6
Asia/Yerevan;40.18333;44.5
Atlantic/Azores;37.73333;-25.66667
Atlantic/Bermuda;32.28333;-64.76667
Atlantic/Canary;28.1;-15.4
Atlantic/Cape_Verde;14.91666;-23.51667
Atlantic/Faroe;62.01666;-6.76667
Atlantic/Madeira;32.63333;-16.9
Atlantic/Reykjavik;64.15;-21.85
Atlantic/South_Georgia;-54.26667;-36.53334
Atlantic/St_Helena;-15.91667;-5.7
Atlantic/Stanley;-51.70001;-57.85
Australia/Adelaide;-34.91667;138.58333
Australia/Brisbane;-27.46667;153.03333
Australia/Broken_Hill;-31.95;141.45
Australia/Currie;-39.93334;143.86666
Australia/Darwin;-12.46667;130.83333
Australia/Eucla;-31.71667;128.86666
Australia/Hobart;-42.88334;147.31666
Australia/Lindeman;-20.26667;149
Australia/Lord_Howe;-31.55;159.08333
Australia/Melbourne;-37.81667;144.96666
Australia/Perth;-31.95;115.85
Australia/Sydney;-33.86667;151.21666
Europe/Amsterdam;52.36666;4.9
Europe/Andorra;42.5;1.51666
Europe/Athens;37.96666;23.71666
Europe/Belgrade;44.83333;20.5
Europe/Berlin;52.5;13.36666
Europe/Bratislava;48.15;17.11666
Europe/Brussels;50.83333;4.33333
Europe/Bucharest;44.43333;26.1
Europe/Budapest;47.5;19.08333
Europe/Busingen;47.69999;8.68333
Europe/Chisinau;47;28.83333
Europe/Copenhagen;55.66666;12.58333
Europe/Dublin;53.33333;-6.25
Europe/Gibraltar;36.13333;-5.35
Europe/Guernsey;49.44999;-2.53334
Europe/Helsinki;60.16666;24.96666
Europe/Isle_of_Man;54.15;-4.46667
Europe/Istanbul;41.01666;28.96666
Europe/Jersey;49.19999;-2.11667
Europe/Kaliningrad;54.71666;20.5
Europe/Kiev;50.43333;30.51666
Europe/Lisbon;38.71666;-9.13334
Europe/Ljubljana;46.05;14.51666
Europe/London;51.50833;-0.12528
Europe/Luxembourg;49.6;6.15
Europe/Madrid;40.4;-3.68334
Europe/Malta;35.9;14.51666
Europe/Mariehamn;60.1;19.95
Europe/Minsk;53.9;27.56666
Europe/Monaco;43.69999;7.38333
Europe/Moscow;55.75;37.58333
Europe/Oslo;59.91666;10.75
Europe/Paris;48.86666;2.33333
Europe/Podgorica;42.43333;19.26666
Europe/Prague;50.08333;14.43333
Europe/Riga;56.94999;24.1
Europe/Rome;41.9;12.48333
Europe/Samara;53.19999;50.15
Europe/San_Marino;43.91666;12.46666
Europe/Sarajevo;43.86666;18.41666
Europe/Simferopol;44.94999;34.1
Europe/Skopje;41.98333;21.43333
Europe/Sofia;42.68333;23.31666
Europe/Stockholm;59.33333;18.05
Europe/Tallinn;59.41666;24.75
Europe/Tirane;41.33333;19.83333
Europe/Uzhgorod;48.61666;22.3
Europe/Vaduz;47.15;9.51666
Europe/Vatican;41.90222;12.45305
Europe/Vienna;48.21666;16.33333
Europe/Vilnius;54.68333;25.31666
Europe/Volgograd;48.73333;44.41666
Europe/Warsaw;52.25;21
Europe/Zagreb;45.8;15.96666
Europe/Zaporozhye;47.83333;35.16666
Europe/Zurich;47.38333;8.53333
Indian/Antananarivo;-18.91667;47.51666
Indian/Chagos;-7.33334;72.41666
Indian/Christmas;-10.41667;105.71666
Indian/Cocos;-12.16667;96.91666
Indian/Comoro;-11.68334;43.26666
Indian/Kerguelen;-49.35278;70.2175
Indian/Mahe;-4.66667;55.46666
Indian/Maldives;4.16666;73.5
Indian/Mauritius;-20.16667;57.5
Indian/Mayotte;-12.78334;45.23333
Indian/Reunion;-20.86667;55.46666
Pacific/Apia;-13.83334;-171.73334
Pacific/Auckland;-36.86667;174.76666
Pacific/Chatham;-43.95;-176.55001
Pacific/Chuuk;7.41666;151.78333
Pacific/Easter;-27.15;-109.43334
Pacific/Efate;-17.66667;168.41666
Pacific/Enderbury;-3.13334;-171.08334
Pacific/Fakaofo;-9.36667;-171.23334
Pacific/Fiji;-18.13334;178.41666
Pacific/Funafuti;-8.51667;179.21666
Pacific/Galapagos;-0.90000000000001;-89.6
Pacific/Gambier;-23.13334;-134.95
Pacific/Guadalcanal;-9.53334;160.2
Pacific/Guam;13.46666;144.75
Pacific/Honolulu;21.30694;-157.85834
Pacific/Johnston;16.75;-169.51667
Pacific/Kiritimati;1.86666;-157.33334
Pacific/Kosrae;5.31666;162.98333
Pacific/Kwajalein;9.08333;167.33333
Pacific/Majuro;7.15;171.2
Pacific/Marquesas;-9;-139.5
Pacific/Midway;28.21666;-177.36667
Pacific/Nauru;-0.51667;166.91666
Pacific/Niue;-19.01667;-169.91667
Pacific/Norfolk;-29.05;167.96666
Pacific/Noumea;-22.26667;166.45
Pacific/Pago_Pago;-14.26667;-170.7
Pacific/Palau;7.33333;134.48333
Pacific/Pitcairn;-25.06667;-130.08334
Pacific/Pohnpei;6.96666;158.21666
Pacific/Port_Moresby;-9.5;147.16666
Pacific/Rarotonga;-21.23334;-159.76667
Pacific/Saipan;15.2;145.75
Pacific/Tahiti;-17.53334;-149.56667
Pacific/Tarawa;1.41666;173
Pacific/Tongatapu;-21.16667;-175.16667
Pacific/Wake;19.28333;166.61666
Pacific/Wallis;-13.3;-176.16667
